{
    "timingCalibrations": [10.881096971880945, 11.349842204105423, 12.474846971868674, 11.481092204055203, 17.74827970063747, 11.38267940025738, 19.49491431602135, 18.904314015641454, 
                           10.018596971881049, 11.256092204105544, 11.199846971880174, 10.843592204105484, 10.468952777558972, 16.885083246412027, 16.950683546790685, 18.879073631026987, 
                           8.081096971880946, 7.183123256806144, 8.325582225041916, 8.617151032532437, 5.023834704115329, 8.305018283853935, 6.790661627192201, 5.474940159377763, 
                           0.0, 0.0, 1.3770528541327476, 3.010669553102261, 6.1573574313887125, 8.017908908854341, 7.517584704115935, 7.197596408854199, 
                           -7.818903028119054, -9.131403028119207, -7.30848636147727, -8.192064792822666, -9.629247855691677, -5.545914518389918, -5.205636744594854, -4.295324200309555, 
                           -10.052804543271373, -9.517432439884857, -7.18916817963266, -9.633241263413181, -7.994588764782651, -6.028815461787474, -4.367316037507999, -5.384947537257837, 
                           -15.018903028119054, -17.00882238738036, -14.705044335064837, -17.27132238734125, -3.883821676625759, -7.400932755375788, -4.860193627982076, -4.016741578904851, 
                           -15.903413897684407, -17.665072387380096, -11.70912041942313, -11.076322387379138, -7.709278993860328, -7.79982981419822, -8.18946192052768, -8.031447461258177, 
                           0.0, 0.0, 0.0, 0.0, 0.0, 0.0, 0.0, 0.0, 0.0, 0.0, 0.0, -17.4, 0.0, 0.0, 0.7594057954102214, 1.5361325160656083
    ],

     "speAreas": [3732.7, 3771.71, 2888.98, 3690.51, 3210.13, 2332.6, 3473.51, 2325.18, 2483.14, 4710.72, 5871.2, 2853.32, 3057.03, 5195.84, 2279.12, 2754.27, 2042.47, 3936.03, 4942.59, 2304.75, 3204.88, 2592.44, 2607.93, 2051.73, 0.0, 0.0, 5547.33, 2618.78, 1834.23, 3110.55, 3330.0, 2812.5, 3270.45, 6247.9, 3889.89, 2212.91, 4317.88, 3047.92, 2082.48, 1981.5, 3542.66, 4438.72, 3987.31, 3570.56, 2964.87, 3291.36, 2911.53, 2802.36, 2510.59, 2491.56, 3543.46, 3941.07, 1936.26, 2319.1, 1679.97, 3399.78, 3097.47, 3186.06, 3520.75, 4763.02, 3183.72, 2513.53, 3099.01, 4281.55, 0.0, 0.0, 0.0, 0.0, 2456.36, 0.0, 2588.64, 5958.56, 2087.35, 1318.76, 5583.71, 2116.13, 0.0, 0.0, 3123.35, 2711.18],

    "chanMap":[
        [0,3,0,0],[1,3,0,0],[0,2,0,0],[1,2,0,0],[2,3,0,0],[3,3,0,0],[2,2,0,0],[3,2,0,0],[0,1,0,0],[1,1,0,0],[0,0,0,0],[1,0,0,0],[2,1,0,0],[3,1,0,0],[2,0,0,0],[3,0,0,0],
        [0,3,1,0],[1,3,1,0],[0,2,1,0],[1,2,1,0],[2,3,1,0],[3,3,1,0],[2,2,1,0],[3,2,1,0],[-1,-1,-1,-1],[-1,-1,-1,-1],[0,0,1,0],[1,0,1,0],[2,1,1,0],[3,1,1,0],[2,0,1,0],[3,0,1,0],
        [0,3,2,0],[1,3,2,0],[0,2,2,0],[1,2,2,0],[2,3,2,0],[3,3,2,0],[2,2,2,0],[3,2,2,0],[0,1,2,0],[1,1,2,0],[0,0,2,0],[1,0,2,0],[2,1,2,0],[3,1,2,0],[2,0,2,0],[3,0,2,0],
        [0,3,3,0],[1,3,3,0],[0,2,3,0],[1,2,3,0],[2,3,3,0],[3,3,3,0],[2,2,3,0],[3,2,3,0],[0,1,3,0],[1,1,3,0],[0,0,3,0],[1,0,3,0],[2,1,3,0],[3,1,3,0],[2,0,3,0],[3,0,3,0],
        [-1,-1,-1,-1],[-1,-1,-1,-1],[-1,-1,-1,-1],[-1,-1,-1,-1],[0,4,0,2],[0,4,2,2],[-1,0,0,2],[-1,0,2,2],[4,0,0,2],[4,0,2,2],[0,0,-1,1],[0,0,4,1],[-1,-1,-1,-1],[-1,-1,-1,-1],
        [0,1,1,0],[1,1,1,0]
    ],
    "pedestals": [0.1, -0.4, 0.4, 1.2, 0.5, -0.1, 0.8, -0.4, 0.6, 0.2, 0.7, -0.2, 1.1, 0.3, 0.2, -0.2,
		    5.8, -0.2, 0.0, 0.6, 0.1, 0.0, 0.1, 0.2, 0.0, 0.2, -0.2, 0.0, 0.0, -0.2, 0.1, 0.0,
		    0.5, 0.3, 0.1, 0.0, 0.2, -0.3, -0.1, 0.2, -0.2, -0.3, 0.7, 0.1, 0.6, 0.1, 0.1, 0.0, 
		    0.7, 1.0, 0.5, -1.9, 1.0, 1.0, -1.1, -0.1, -0.1, -0.6, 0.1, -1.2, 0.6, -0.5, 0.0, 0.1,
		    -0.5, -0.2, 0.6, 0.1, 0.5, -0.3, -0.2, -5.3, -2.3, -2.0, 0.2, -7.8, 0.8, -0.3, 0.0, 0.2
    ],

    "triggerConfig": {
        "startRun": 1296,
        "endRun": -1,
        "fwVersion": 11,
        "coincidenceTime": 10,
        "deadTime": 142,
        "trigger": 5983
    }
}
