{
    "timingCalibrations": [10.881096971880945, 11.349842204105423, 12.474846971868674, 11.481092204055203, 17.74827970063747, 11.38267940025738, 19.49491431602135, 18.904314015641454, 
                           10.018596971881049, 11.256092204105544, 11.199846971880174, 10.843592204105484, 10.468952777558972, 16.885083246412027, 16.950683546790685, 18.879073631026987, 
                           8.081096971880946, 7.183123256806144, 8.325582225041916, 8.617151032532437, 5.023834704115329, 8.305018283853935, 6.790661627192201, 5.474940159377763, 
                           0.7594057954102214, 1.5361325160656083, 1.3770528541327476, 3.010669553102261, 6.1573574313887125, 8.017908908854341, 7.517584704115935, 7.197596408854199,                
                           -7.818903028119054, -9.131403028119207, -7.30848636147727, -8.192064792822666, -9.629247855691677, -5.545914518389918, -5.205636744594854, -4.295324200309555, 
                           -10.052804543271373, -9.517432439884857, -7.18916817963266, -9.633241263413181, -7.994588764782651, -6.028815461787474, -4.367316037507999, -5.384947537257837, 
                           -15.018903028119054, -17.00882238738036, -14.705044335064837, -17.27132238734125, -3.883821676625759, -7.400932755375788, -4.860193627982076, -4.016741578904851, 
                           -15.903413897684407, -17.665072387380096, -11.70912041942313, -11.076322387379138, -7.709278993860328, -7.79982981419822, -8.18946192052768, -8.031447461258177, 
                           0.0, 0.0, 0.0, 0.0, 0.0, 0.0, 0.0, 0.0, 0.0, 0.0, 0.0, -17.4, 0.0, 0.0, 0.0, 0.0],
    "speAreas":[1496.08, 1240.82, 1320.07, 1320.07, 1272.84, 885.50, 1320.07, 1320.07, 1320.07, 1320.07, 2471.25, 1104.88, 1320.07, 1320.07, 999.47, 1105.40, 
                971.00, 1737.74, 1320.07, 1320.07, 1127.74, 1001.09, 1320.07, 1320.07, 1320.07, 1320.07, 2074.47, 1005.97, 1320.07, 1320.07, 1271.10, 1095.23, 
                1280.38, 2353.37, 1320.07, 1320.07, 1579.26, 1135.24, 1320.07, 1320.07, 1320.07, 1320.07, 1570.75, 1353.41, 1320.07, 1320.07, 1095.51, 1187.88,
                1044.91, 1028.34, 1320.07, 1320.07, 800.37, 1050.27, 1320.07, 1320.07, 1320.07, 1320.07, 1304.29, 1800.57, 1320.07, 1320.07, 1198.84, 1598.24,
                1, 1, 1, 1, 1, 1, 1, 1, 1, 1, 1, 1, 1, 1, 1, 1],  
    "chanMap":[
        [0,3,0,0],[1,3,0,0],[0,2,0,0],[1,2,0,0],[2,3,0,0],[3,3,0,0],[2,2,0,0],[3,2,0,0],[0,1,0,0],[1,1,0,0],[0,0,0,0],[1,0,0,0],[2,1,0,0],[3,1,0,0],[2,0,0,0],[3,0,0,0],
        [0,3,1,0],[1,3,1,0],[0,2,1,0],[1,2,1,0],[2,3,1,0],[3,3,1,0],[2,2,1,0],[3,2,1,0],[0,1,1,0],[1,1,1,0],[0,0,1,0],[1,0,1,0],[2,1,1,0],[3,1,1,0],[2,0,1,0],[3,0,1,0],
        [0,3,2,0],[1,3,2,0],[0,2,2,0],[1,2,2,0],[2,3,2,0],[3,3,2,0],[2,2,2,0],[3,2,2,0],[0,1,2,0],[1,1,2,0],[0,0,2,0],[1,0,2,0],[2,1,2,0],[3,1,2,0],[2,0,2,0],[3,0,2,0],
        [0,3,3,0],[1,3,3,0],[0,2,3,0],[1,2,3,0],[2,3,3,0],[3,3,3,0],[2,2,3,0],[3,2,3,0],[0,1,3,0],[1,1,3,0],[0,0,3,0],[1,0,3,0],[2,1,3,0],[3,1,3,0],[2,0,3,0],[3,0,3,0],
        [-1,-1,-1,-1],[-1,-1,-1,-1],[-1,-1,-1,-1],[-1,-1,-1,-1],[0,4,0,2],[4,0,0,2],[-1,0,0,2],[0,0,-1,1],[0,4,2,2],[4,0,2,2],[-1,0,2,2],[0,0,4,1],[-1,-1,-1,-1],[-1,-1,-1,-1],[-1,-1,-1,-1],[-1,-1,-1,-1]
    ],
    "pedestals": [0.1, -0.4, 0.4, 1.2, 0.5, -0.1, 0.8, -0.4, 0.6, 0.2, 0.7, -0.2, 1.1, 0.3, 0.2, -0.2,
		  5.8, -0.2, 0.0, 0.6, 0.1, 0.0, 0.1, 0.2, 0.0, 0.2, -0.2, 0.0, 0.0, -0.2, 0.1, 0.0,
		  0.5, 0.3, 0.1, 0.0, 0.2, -0.3, -0.1, 0.2, -0.2, -0.3, 0.7, 0.1, 0.6, 0.1, 0.1, 0.0, 
		  0.7, 1.0, 0.5, -1.9, 1.0, 1.0, -1.1, -0.1, -0.1, -0.6, 0.1, -1.2, 0.6, -0.5, 0.0, 0.1,
		  -0.5, -0.2, 0.6, 0.1, 0.5, -2.3, -0.2, 0.2, -0.3, -2.0, -5.3, -7.8, 0.8, -0.3, 0.1, 0.3
    ],

    "triggerConfig": {
        "startRun": 0,
        "endRun": 986,
        "fwVersion": 10,
        "coincidenceTime": 20,
        "deadTime": 100,
        "trigger": 95
    }
}
